{"modelTopology": {"keras_version": "2.2.2", "backend": "tensorflow", "model_config": {"class_name": "Sequential", "config": [{"class_name": "Conv2D", "config": {"name": "conv2d_1", "trainable": true, "batch_input_shape": [null, 50, 50, 1], "dtype": "float32", "filters": 32, "kernel_size": [3, 3], "strides": [1, 1], "padding": "same", "data_format": "channels_last", "dilation_rate": [1, 1], "activation": "linear", "use_bias": true, "kernel_initializer": {"class_name": "VarianceScaling", "config": {"scale": 1.0, "mode": "fan_avg", "distribution": "uniform", "seed": null}}, "bias_initializer": {"class_name": "Zeros", "config": {}}, "kernel_regularizer": null, "bias_regularizer": null, "activity_regularizer": null, "kernel_constraint": null, "bias_constraint": null}}, {"class_name": "LeakyReLU", "config": {"name": "leaky_re_lu_1", "trainable": true, "alpha": 0.10000000149011612}}, {"class_name": "MaxPooling2D", "config": {"name": "max_pooling2d_1", "trainable": true, "pool_size": [2, 2], "padding": "same", "strides": [2, 2], "data_format": "channels_last"}}, {"class_name": "Dropout", "config": {"name": "dropout_1", "trainable": true, "rate": 0.1, "noise_shape": null, "seed": null}}, {"class_name": "Conv2D", "config": {"name": "conv2d_2", "trainable": true, "filters": 64, "kernel_size": [3, 3], "strides": [1, 1], "padding": "same", "data_format": "channels_last", "dilation_rate": [1, 1], "activation": "linear", "use_bias": true, "kernel_initializer": {"class_name": "VarianceScaling", "config": {"scale": 1.0, "mode": "fan_avg", "distribution": "uniform", "seed": null}}, "bias_initializer": {"class_name": "Zeros", "config": {}}, "kernel_regularizer": null, "bias_regularizer": null, "activity_regularizer": null, "kernel_constraint": null, "bias_constraint": null}}, {"class_name": "LeakyReLU", "config": {"name": "leaky_re_lu_2", "trainable": true, "alpha": 0.10000000149011612}}, {"class_name": "MaxPooling2D", "config": {"name": "max_pooling2d_2", "trainable": true, "pool_size": [2, 2], "padding": "same", "strides": [2, 2], "data_format": "channels_last"}}, {"class_name": "Dropout", "config": {"name": "dropout_2", "trainable": true, "rate": 0.1, "noise_shape": null, "seed": null}}, {"class_name": "Conv2D", "config": {"name": "conv2d_3", "trainable": true, "filters": 128, "kernel_size": [3, 3], "strides": [1, 1], "padding": "same", "data_format": "channels_last", "dilation_rate": [1, 1], "activation": "linear", "use_bias": true, "kernel_initializer": {"class_name": "VarianceScaling", "config": {"scale": 1.0, "mode": "fan_avg", "distribution": "uniform", "seed": null}}, "bias_initializer": {"class_name": "Zeros", "config": {}}, "kernel_regularizer": null, "bias_regularizer": null, "activity_regularizer": null, "kernel_constraint": null, "bias_constraint": null}}, {"class_name": "LeakyReLU", "config": {"name": "leaky_re_lu_3", "trainable": true, "alpha": 0.10000000149011612}}, {"class_name": "MaxPooling2D", "config": {"name": "max_pooling2d_3", "trainable": true, "pool_size": [2, 2], "padding": "same", "strides": [2, 2], "data_format": "channels_last"}}, {"class_name": "Dropout", "config": {"name": "dropout_3", "trainable": true, "rate": 0.1, "noise_shape": null, "seed": null}}, {"class_name": "Flatten", "config": {"name": "flatten_1", "trainable": true, "data_format": "channels_last"}}, {"class_name": "Dense", "config": {"name": "dense_1", "trainable": true, "units": 128, "activation": "linear", "use_bias": true, "kernel_initializer": {"class_name": "VarianceScaling", "config": {"scale": 1.0, "mode": "fan_avg", "distribution": "uniform", "seed": null}}, "bias_initializer": {"class_name": "Zeros", "config": {}}, "kernel_regularizer": null, "bias_regularizer": null, "activity_regularizer": null, "kernel_constraint": null, "bias_constraint": null}}, {"class_name": "LeakyReLU", "config": {"name": "leaky_re_lu_4", "trainable": true, "alpha": 0.10000000149011612}}, {"class_name": "Dropout", "config": {"name": "dropout_4", "trainable": true, "rate": 0.1, "noise_shape": null, "seed": null}}, {"class_name": "Dense", "config": {"name": "dense_2", "trainable": true, "units": 53, "activation": "softmax", "use_bias": true, "kernel_initializer": {"class_name": "VarianceScaling", "config": {"scale": 1.0, "mode": "fan_avg", "distribution": "uniform", "seed": null}}, "bias_initializer": {"class_name": "Zeros", "config": {}}, "kernel_regularizer": null, "bias_regularizer": null, "activity_regularizer": null, "kernel_constraint": null, "bias_constraint": null}}]}, "training_config": {"optimizer_config": {"class_name": "Adam", "config": {"lr": 0.0010000000474974513, "beta_1": 0.8999999761581421, "beta_2": 0.9990000128746033, "decay": 0.0, "epsilon": 1e-07, "amsgrad": false}}, "loss": "categorical_crossentropy", "metrics": ["accuracy"], "sample_weight_mode": null, "loss_weights": null}}, "weightsManifest": [{"paths": ["group1-shard1of1"], "weights": [{"name": "conv2d_1/kernel", "shape": [3, 3, 1, 32], "dtype": "float32"}, {"name": "conv2d_1/bias", "shape": [32], "dtype": "float32"}, {"name": "conv2d_2/kernel", "shape": [3, 3, 32, 64], "dtype": "float32"}, {"name": "conv2d_2/bias", "shape": [64], "dtype": "float32"}, {"name": "conv2d_3/kernel", "shape": [3, 3, 64, 128], "dtype": "float32"}, {"name": "conv2d_3/bias", "shape": [128], "dtype": "float32"}, {"name": "dense_1/kernel", "shape": [6272, 128], "dtype": "float32"}, {"name": "dense_1/bias", "shape": [128], "dtype": "float32"}, {"name": "dense_2/kernel", "shape": [128, 53], "dtype": "float32"}, {"name": "dense_2/bias", "shape": [53], "dtype": "float32"}]}]}